Datetime,Hour,DayOfWeek,Month,Year,IsWeekend,IsHoliday,Predicted_MW
2018-08-03 01:00:00,1,4,8,2018,0,0,5059.51
2018-08-03 02:00:00,2,4,8,2018,0,0,4783.43
2018-08-03 03:00:00,3,4,8,2018,0,0,4638.38
2018-08-03 04:00:00,4,4,8,2018,0,0,4566.43
2018-08-03 05:00:00,5,4,8,2018,0,0,4586.52
2018-08-03 06:00:00,6,4,8,2018,0,0,4762.48
2018-08-03 07:00:00,7,4,8,2018,0,0,5084.23
2018-08-03 08:00:00,8,4,8,2018,0,0,5336.96
2018-08-03 09:00:00,9,4,8,2018,0,0,5609.78
2018-08-03 10:00:00,10,4,8,2018,0,0,5903.09
2018-08-03 11:00:00,11,4,8,2018,0,0,6177.68
2018-08-03 12:00:00,12,4,8,2018,0,0,6502.62
2018-08-03 13:00:00,13,4,8,2018,0,0,6752.49
2018-08-03 14:00:00,14,4,8,2018,0,0,6982.38
2018-08-03 15:00:00,15,4,8,2018,0,0,7123.13
2018-08-03 16:00:00,16,4,8,2018,0,0,7241.35
2018-08-03 17:00:00,17,4,8,2018,0,0,7351.45
2018-08-03 18:00:00,18,4,8,2018,0,0,7296.12
2018-08-03 19:00:00,19,4,8,2018,0,0,7204.48
2018-08-03 20:00:00,20,4,8,2018,0,0,6985.25
2018-08-03 21:00:00,21,4,8,2018,0,0,6827.73
2018-08-03 22:00:00,22,4,8,2018,0,0,6593.45
2018-08-03 23:00:00,23,4,8,2018,0,0,6077.73
2018-08-04 00:00:00,0,5,8,2018,1,0,5562.36
2018-08-04 01:00:00,1,5,8,2018,1,0,5142.29
2018-08-04 02:00:00,2,5,8,2018,1,0,4849.12
2018-08-04 03:00:00,3,5,8,2018,1,0,4649.33
2018-08-04 04:00:00,4,5,8,2018,1,0,4550.89
2018-08-04 05:00:00,5,5,8,2018,1,0,4517.93
2018-08-04 06:00:00,6,5,8,2018,1,0,4558.84
2018-08-04 07:00:00,7,5,8,2018,1,0,4621.24
2018-08-04 08:00:00,8,5,8,2018,1,0,4800.7
2018-08-04 09:00:00,9,5,8,2018,1,0,5149.83
2018-08-04 10:00:00,10,5,8,2018,1,0,5545.51
2018-08-04 11:00:00,11,5,8,2018,1,0,5889.32
2018-08-04 12:00:00,12,5,8,2018,1,0,6079.62
2018-08-04 13:00:00,13,5,8,2018,1,0,6306.46
2018-08-04 14:00:00,14,5,8,2018,1,0,6459.29
2018-08-04 15:00:00,15,5,8,2018,1,0,6452.5
2018-08-04 16:00:00,16,5,8,2018,1,0,6459.11
2018-08-04 17:00:00,17,5,8,2018,1,0,6433.42
2018-08-04 18:00:00,18,5,8,2018,1,0,6399.28
2018-08-04 19:00:00,19,5,8,2018,1,0,6308.01
2018-08-04 20:00:00,20,5,8,2018,1,0,6181.24
2018-08-04 21:00:00,21,5,8,2018,1,0,6095.84
2018-08-04 22:00:00,22,5,8,2018,1,0,5870.6
2018-08-04 23:00:00,23,5,8,2018,1,0,5473.22
2018-08-05 00:00:00,0,6,8,2018,1,0,5006.7
2018-08-05 01:00:00,1,6,8,2018,1,0,4673.62
2018-08-05 02:00:00,2,6,8,2018,1,0,4409.95
2018-08-05 03:00:00,3,6,8,2018,1,0,4237.44
2018-08-05 04:00:00,4,6,8,2018,1,0,4112.46
2018-08-05 05:00:00,5,6,8,2018,1,0,4069.24
2018-08-05 06:00:00,6,6,8,2018,1,0,4107.96
2018-08-05 07:00:00,7,6,8,2018,1,0,4158.65
2018-08-05 08:00:00,8,6,8,2018,1,0,4306.42
2018-08-05 09:00:00,9,6,8,2018,1,0,4645.47
2018-08-05 10:00:00,10,6,8,2018,1,0,4983.59
2018-08-05 11:00:00,11,6,8,2018,1,0,5323.98
2018-08-05 12:00:00,12,6,8,2018,1,0,5566.11
2018-08-05 13:00:00,13,6,8,2018,1,0,5784.54
2018-08-05 14:00:00,14,6,8,2018,1,0,5962.91
2018-08-05 15:00:00,15,6,8,2018,1,0,6104.31
2018-08-05 16:00:00,16,6,8,2018,1,0,6231.02
2018-08-05 17:00:00,17,6,8,2018,1,0,6353.66
2018-08-05 18:00:00,18,6,8,2018,1,0,6369.17
2018-08-05 19:00:00,19,6,8,2018,1,0,6259.47
2018-08-05 20:00:00,20,6,8,2018,1,0,6109.42
2018-08-05 21:00:00,21,6,8,2018,1,0,5945.25
2018-08-05 22:00:00,22,6,8,2018,1,0,5755.43
2018-08-05 23:00:00,23,6,8,2018,1,0,5367.33
2018-08-06 00:00:00,0,0,8,2018,0,0,4932.13
2018-08-06 01:00:00,1,0,8,2018,0,0,4542.48
2018-08-06 02:00:00,2,0,8,2018,0,0,4328.17
2018-08-06 03:00:00,3,0,8,2018,0,0,4187.74
2018-08-06 04:00:00,4,0,8,2018,0,0,4137.3
2018-08-06 05:00:00,5,0,8,2018,0,0,4178.36
2018-08-06 06:00:00,6,0,8,2018,0,0,4378.3
2018-08-06 07:00:00,7,0,8,2018,0,0,4703.28
2018-08-06 08:00:00,8,0,8,2018,0,0,5006.55
2018-08-06 09:00:00,9,0,8,2018,0,0,5311.69
2018-08-06 10:00:00,10,0,8,2018,0,0,5568.95
2018-08-06 11:00:00,11,0,8,2018,0,0,5794.54
2018-08-06 12:00:00,12,0,8,2018,0,0,6005.18
2018-08-06 13:00:00,13,0,8,2018,0,0,6184.25
2018-08-06 14:00:00,14,0,8,2018,0,0,6390.21
2018-08-06 15:00:00,15,0,8,2018,0,0,6526.72
2018-08-06 16:00:00,16,0,8,2018,0,0,6646.36
2018-08-06 17:00:00,17,0,8,2018,0,0,6770.1
2018-08-06 18:00:00,18,0,8,2018,0,0,6790.3
2018-08-06 19:00:00,19,0,8,2018,0,0,6646.47
2018-08-06 20:00:00,20,0,8,2018,0,0,6480.77
2018-08-06 21:00:00,21,0,8,2018,0,0,6376.65
2018-08-06 22:00:00,22,0,8,2018,0,0,6113.2
2018-08-06 23:00:00,23,0,8,2018,0,0,5611.17
2018-08-07 00:00:00,0,1,8,2018,0,0,5174.21
2018-08-07 01:00:00,1,1,8,2018,0,0,4811.07
2018-08-07 02:00:00,2,1,8,2018,0,0,4573.96
2018-08-07 03:00:00,3,1,8,2018,0,0,4414.04
2018-08-07 04:00:00,4,1,8,2018,0,0,4308.41
2018-08-07 05:00:00,5,1,8,2018,0,0,4323.46
2018-08-07 06:00:00,6,1,8,2018,0,0,4541.16
2018-08-07 07:00:00,7,1,8,2018,0,0,4858.96
2018-08-07 08:00:00,8,1,8,2018,0,0,5075.11
2018-08-07 09:00:00,9,1,8,2018,0,0,5312.6
2018-08-07 10:00:00,10,1,8,2018,0,0,5538.53
2018-08-07 11:00:00,11,1,8,2018,0,0,5818.22
2018-08-07 12:00:00,12,1,8,2018,0,0,5931.95
2018-08-07 13:00:00,13,1,8,2018,0,0,6130.89
2018-08-07 14:00:00,14,1,8,2018,0,0,6306.29
2018-08-07 15:00:00,15,1,8,2018,0,0,6366.06
2018-08-07 16:00:00,16,1,8,2018,0,0,6430.58
2018-08-07 17:00:00,17,1,8,2018,0,0,6506.51
2018-08-07 18:00:00,18,1,8,2018,0,0,6539.08
2018-08-07 19:00:00,19,1,8,2018,0,0,6421.25
2018-08-07 20:00:00,20,1,8,2018,0,0,6325.96
2018-08-07 21:00:00,21,1,8,2018,0,0,6221.71
2018-08-07 22:00:00,22,1,8,2018,0,0,6003.12
2018-08-07 23:00:00,23,1,8,2018,0,0,5537.14
2018-08-08 00:00:00,0,2,8,2018,0,0,5075.97
2018-08-08 01:00:00,1,2,8,2018,0,0,4702.48
2018-08-08 02:00:00,2,2,8,2018,0,0,4436.66
2018-08-08 03:00:00,3,2,8,2018,0,0,4295.4
2018-08-08 04:00:00,4,2,8,2018,0,0,4222.25
2018-08-08 05:00:00,5,2,8,2018,0,0,4242.64
2018-08-08 06:00:00,6,2,8,2018,0,0,4472.33
2018-08-08 07:00:00,7,2,8,2018,0,0,4845.03
2018-08-08 08:00:00,8,2,8,2018,0,0,5059.79
2018-08-08 09:00:00,9,2,8,2018,0,0,5255.13
2018-08-08 10:00:00,10,2,8,2018,0,0,5486.89
2018-08-08 11:00:00,11,2,8,2018,0,0,5710.7
2018-08-08 12:00:00,12,2,8,2018,0,0,5963.05
2018-08-08 13:00:00,13,2,8,2018,0,0,6177.63
2018-08-08 14:00:00,14,2,8,2018,0,0,6349.97
2018-08-08 15:00:00,15,2,8,2018,0,0,6431.82
2018-08-08 16:00:00,16,2,8,2018,0,0,6553.02
2018-08-08 17:00:00,17,2,8,2018,0,0,6665.37
2018-08-08 18:00:00,18,2,8,2018,0,0,6690.22
2018-08-08 19:00:00,19,2,8,2018,0,0,6582.04
2018-08-08 20:00:00,20,2,8,2018,0,0,6397.54
2018-08-08 21:00:00,21,2,8,2018,0,0,6348.0
2018-08-08 22:00:00,22,2,8,2018,0,0,6073.17
2018-08-08 23:00:00,23,2,8,2018,0,0,5596.78
2018-08-09 00:00:00,0,3,8,2018,0,0,5146.58
2018-08-09 01:00:00,1,3,8,2018,0,0,4753.01
2018-08-09 02:00:00,2,3,8,2018,0,0,4493.93
2018-08-09 03:00:00,3,3,8,2018,0,0,4345.61
2018-08-09 04:00:00,4,3,8,2018,0,0,4273.43
2018-08-09 05:00:00,5,3,8,2018,0,0,4333.64
2018-08-09 06:00:00,6,3,8,2018,0,0,4540.9
2018-08-09 07:00:00,7,3,8,2018,0,0,4861.37
2018-08-09 08:00:00,8,3,8,2018,0,0,5049.09
2018-08-09 09:00:00,9,3,8,2018,0,0,5261.44
2018-08-09 10:00:00,10,3,8,2018,0,0,5511.36
2018-08-09 11:00:00,11,3,8,2018,0,0,5746.26
2018-08-09 12:00:00,12,3,8,2018,0,0,5999.74
2018-08-09 13:00:00,13,3,8,2018,0,0,6251.81
2018-08-09 14:00:00,14,3,8,2018,0,0,6564.78
2018-08-09 15:00:00,15,3,8,2018,0,0,6734.15
2018-08-09 16:00:00,16,3,8,2018,0,0,6843.21
2018-08-09 17:00:00,17,3,8,2018,0,0,6951.15
2018-08-09 18:00:00,18,3,8,2018,0,0,6923.09
2018-08-09 19:00:00,19,3,8,2018,0,0,6794.32
2018-08-09 20:00:00,20,3,8,2018,0,0,6628.94
2018-08-09 21:00:00,21,3,8,2018,0,0,6464.67
2018-08-09 22:00:00,22,3,8,2018,0,0,6193.79
2018-08-09 23:00:00,23,3,8,2018,0,0,5730.5
2018-08-10 00:00:00,0,4,8,2018,0,0,5233.91
2018-08-10 01:00:00,1,4,8,2018,0,0,4821.9
2018-08-10 02:00:00,2,4,8,2018,0,0,4566.81
2018-08-10 03:00:00,3,4,8,2018,0,0,4386.41
2018-08-10 04:00:00,4,4,8,2018,0,0,4281.85
2018-08-10 05:00:00,5,4,8,2018,0,0,4321.49
2018-08-10 06:00:00,6,4,8,2018,0,0,4542.34
2018-08-10 07:00:00,7,4,8,2018,0,0,4851.67
2018-08-10 08:00:00,8,4,8,2018,0,0,5052.56
2018-08-10 09:00:00,9,4,8,2018,0,0,5312.3
2018-08-10 10:00:00,10,4,8,2018,0,0,5551.98
2018-08-10 11:00:00,11,4,8,2018,0,0,5847.95
2018-08-10 12:00:00,12,4,8,2018,0,0,6011.36
2018-08-10 13:00:00,13,4,8,2018,0,0,6266.82
2018-08-10 14:00:00,14,4,8,2018,0,0,6452.97
2018-08-10 15:00:00,15,4,8,2018,0,0,6468.89
2018-08-10 16:00:00,16,4,8,2018,0,0,6485.85
2018-08-10 17:00:00,17,4,8,2018,0,0,6599.61
2018-08-10 18:00:00,18,4,8,2018,0,0,6578.51
2018-08-10 19:00:00,19,4,8,2018,0,0,6442.04
2018-08-10 20:00:00,20,4,8,2018,0,0,6228.49
2018-08-10 21:00:00,21,4,8,2018,0,0,6129.67
2018-08-10 22:00:00,22,4,8,2018,0,0,5914.54
2018-08-10 23:00:00,23,4,8,2018,0,0,5478.32
2018-08-11 00:00:00,0,5,8,2018,1,0,5001.76
2018-08-11 01:00:00,1,5,8,2018,1,0,4628.36
2018-08-11 02:00:00,2,5,8,2018,1,0,4358.76
2018-08-11 03:00:00,3,5,8,2018,1,0,4205.64
2018-08-11 04:00:00,4,5,8,2018,1,0,4135.28
2018-08-11 05:00:00,5,5,8,2018,1,0,4098.96
2018-08-11 06:00:00,6,5,8,2018,1,0,4139.72
2018-08-11 07:00:00,7,5,8,2018,1,0,4214.35
2018-08-11 08:00:00,8,5,8,2018,1,0,4389.03
2018-08-11 09:00:00,9,5,8,2018,1,0,4733.76
2018-08-11 10:00:00,10,5,8,2018,1,0,5071.11
2018-08-11 11:00:00,11,5,8,2018,1,0,5357.57
2018-08-11 12:00:00,12,5,8,2018,1,0,5597.33
2018-08-11 13:00:00,13,5,8,2018,1,0,5814.09
2018-08-11 14:00:00,14,5,8,2018,1,0,5967.19
2018-08-11 15:00:00,15,5,8,2018,1,0,6083.07
2018-08-11 16:00:00,16,5,8,2018,1,0,6192.08
2018-08-11 17:00:00,17,5,8,2018,1,0,6282.94
2018-08-11 18:00:00,18,5,8,2018,1,0,6285.91
2018-08-11 19:00:00,19,5,8,2018,1,0,6158.04
2018-08-11 20:00:00,20,5,8,2018,1,0,5983.77
2018-08-11 21:00:00,21,5,8,2018,1,0,5878.83
2018-08-11 22:00:00,22,5,8,2018,1,0,5706.81
2018-08-11 23:00:00,23,5,8,2018,1,0,5350.94
2018-08-12 00:00:00,0,6,8,2018,1,0,4911.32
2018-08-12 01:00:00,1,6,8,2018,1,0,4532.6
2018-08-12 02:00:00,2,6,8,2018,1,0,4282.87
2018-08-12 03:00:00,3,6,8,2018,1,0,4144.5
2018-08-12 04:00:00,4,6,8,2018,1,0,4069.2
2018-08-12 05:00:00,5,6,8,2018,1,0,4031.74
2018-08-12 06:00:00,6,6,8,2018,1,0,4045.27
2018-08-12 07:00:00,7,6,8,2018,1,0,4071.64
2018-08-12 08:00:00,8,6,8,2018,1,0,4227.38
2018-08-12 09:00:00,9,6,8,2018,1,0,4575.0
2018-08-12 10:00:00,10,6,8,2018,1,0,4905.57
2018-08-12 11:00:00,11,6,8,2018,1,0,5189.27
2018-08-12 12:00:00,12,6,8,2018,1,0,5412.72
2018-08-12 13:00:00,13,6,8,2018,1,0,5643.81
2018-08-12 14:00:00,14,6,8,2018,1,0,5811.29
2018-08-12 15:00:00,15,6,8,2018,1,0,5951.34
2018-08-12 16:00:00,16,6,8,2018,1,0,6063.62
2018-08-12 17:00:00,17,6,8,2018,1,0,6175.59
2018-08-12 18:00:00,18,6,8,2018,1,0,6276.21
2018-08-12 19:00:00,19,6,8,2018,1,0,6190.24
2018-08-12 20:00:00,20,6,8,2018,1,0,6015.03
2018-08-12 21:00:00,21,6,8,2018,1,0,5871.16
2018-08-12 22:00:00,22,6,8,2018,1,0,5712.4
2018-08-12 23:00:00,23,6,8,2018,1,0,5355.55
2018-08-13 00:00:00,0,0,8,2018,0,0,4917.02
2018-08-13 01:00:00,1,0,8,2018,0,0,4531.74
2018-08-13 02:00:00,2,0,8,2018,0,0,4353.96
2018-08-13 03:00:00,3,0,8,2018,0,0,4246.97
2018-08-13 04:00:00,4,0,8,2018,0,0,4198.91
2018-08-13 05:00:00,5,0,8,2018,0,0,4269.15
2018-08-13 06:00:00,6,0,8,2018,0,0,4532.7
2018-08-13 07:00:00,7,0,8,2018,0,0,4961.26
2018-08-13 08:00:00,8,0,8,2018,0,0,5223.69
2018-08-13 09:00:00,9,0,8,2018,0,0,5479.91
2018-08-13 10:00:00,10,0,8,2018,0,0,5778.15
2018-08-13 11:00:00,11,0,8,2018,0,0,5978.38
2018-08-13 12:00:00,12,0,8,2018,0,0,6186.97
2018-08-13 13:00:00,13,0,8,2018,0,0,6415.64
2018-08-13 14:00:00,14,0,8,2018,0,0,6617.51
2018-08-13 15:00:00,15,0,8,2018,0,0,6778.72
2018-08-13 16:00:00,16,0,8,2018,0,0,6876.6
2018-08-13 17:00:00,17,0,8,2018,0,0,6927.43
2018-08-13 18:00:00,18,0,8,2018,0,0,6950.46
2018-08-13 19:00:00,19,0,8,2018,0,0,6827.06
2018-08-13 20:00:00,20,0,8,2018,0,0,6670.5
2018-08-13 21:00:00,21,0,8,2018,0,0,6519.91
2018-08-13 22:00:00,22,0,8,2018,0,0,6188.27
2018-08-13 23:00:00,23,0,8,2018,0,0,5697.6
2018-08-14 00:00:00,0,1,8,2018,0,0,5220.01
2018-08-14 01:00:00,1,1,8,2018,0,0,4830.61
2018-08-14 02:00:00,2,1,8,2018,0,0,4586.71
2018-08-14 03:00:00,3,1,8,2018,0,0,4427.21
2018-08-14 04:00:00,4,1,8,2018,0,0,4339.81
2018-08-14 05:00:00,5,1,8,2018,0,0,4364.32
2018-08-14 06:00:00,6,1,8,2018,0,0,4567.89
2018-08-14 07:00:00,7,1,8,2018,0,0,4843.8
2018-08-14 08:00:00,8,1,8,2018,0,0,5073.68
2018-08-14 09:00:00,9,1,8,2018,0,0,5335.12
2018-08-14 10:00:00,10,1,8,2018,0,0,5611.47
2018-08-14 11:00:00,11,1,8,2018,0,0,5881.0
2018-08-14 12:00:00,12,1,8,2018,0,0,6072.8
2018-08-14 13:00:00,13,1,8,2018,0,0,6221.66
2018-08-14 14:00:00,14,1,8,2018,0,0,6406.01
2018-08-14 15:00:00,15,1,8,2018,0,0,6481.28
2018-08-14 16:00:00,16,1,8,2018,0,0,6597.56
2018-08-14 17:00:00,17,1,8,2018,0,0,6707.6
2018-08-14 18:00:00,18,1,8,2018,0,0,6709.3
2018-08-14 19:00:00,19,1,8,2018,0,0,6579.46
2018-08-14 20:00:00,20,1,8,2018,0,0,6372.01
2018-08-14 21:00:00,21,1,8,2018,0,0,6266.92
2018-08-14 22:00:00,22,1,8,2018,0,0,6082.14
2018-08-14 23:00:00,23,1,8,2018,0,0,5610.46
2018-08-15 00:00:00,0,2,8,2018,0,0,5160.65
2018-08-15 01:00:00,1,2,8,2018,0,0,4765.97
2018-08-15 02:00:00,2,2,8,2018,0,0,4513.73
2018-08-15 03:00:00,3,2,8,2018,0,0,4380.78
2018-08-15 04:00:00,4,2,8,2018,0,0,4292.36
2018-08-15 05:00:00,5,2,8,2018,0,0,4310.13
2018-08-15 06:00:00,6,2,8,2018,0,0,4511.78
2018-08-15 07:00:00,7,2,8,2018,0,0,4848.42
2018-08-15 08:00:00,8,2,8,2018,0,0,5058.48
2018-08-15 09:00:00,9,2,8,2018,0,0,5262.85
2018-08-15 10:00:00,10,2,8,2018,0,0,5509.68
2018-08-15 11:00:00,11,2,8,2018,0,0,5743.47
2018-08-15 12:00:00,12,2,8,2018,0,0,5958.85
2018-08-15 13:00:00,13,2,8,2018,0,0,6165.6
2018-08-15 14:00:00,14,2,8,2018,0,0,6345.31
2018-08-15 15:00:00,15,2,8,2018,0,0,6416.93
2018-08-15 16:00:00,16,2,8,2018,0,0,6502.7
2018-08-15 17:00:00,17,2,8,2018,0,0,6601.51
2018-08-15 18:00:00,18,2,8,2018,0,0,6602.43
2018-08-15 19:00:00,19,2,8,2018,0,0,6507.04
2018-08-15 20:00:00,20,2,8,2018,0,0,6344.09
2018-08-15 21:00:00,21,2,8,2018,0,0,6214.51
2018-08-15 22:00:00,22,2,8,2018,0,0,6001.41
2018-08-15 23:00:00,23,2,8,2018,0,0,5536.57
2018-08-16 00:00:00,0,3,8,2018,0,0,5061.29
2018-08-16 01:00:00,1,3,8,2018,0,0,4683.57
2018-08-16 02:00:00,2,3,8,2018,0,0,4410.14
2018-08-16 03:00:00,3,3,8,2018,0,0,4247.31
2018-08-16 04:00:00,4,3,8,2018,0,0,4173.3
2018-08-16 05:00:00,5,3,8,2018,0,0,4218.41
2018-08-16 06:00:00,6,3,8,2018,0,0,4452.69
2018-08-16 07:00:00,7,3,8,2018,0,0,4794.61
2018-08-16 08:00:00,8,3,8,2018,0,0,5023.48
2018-08-16 09:00:00,9,3,8,2018,0,0,5244.63
2018-08-16 10:00:00,10,3,8,2018,0,0,5484.22
2018-08-16 11:00:00,11,3,8,2018,0,0,5715.51
2018-08-16 12:00:00,12,3,8,2018,0,0,5968.08
2018-08-16 13:00:00,13,3,8,2018,0,0,6193.45
2018-08-16 14:00:00,14,3,8,2018,0,0,6399.31
2018-08-16 15:00:00,15,3,8,2018,0,0,6486.5
2018-08-16 16:00:00,16,3,8,2018,0,0,6623.51
2018-08-16 17:00:00,17,3,8,2018,0,0,6790.77
2018-08-16 18:00:00,18,3,8,2018,0,0,6807.59
2018-08-16 19:00:00,19,3,8,2018,0,0,6659.63
2018-08-16 20:00:00,20,3,8,2018,0,0,6473.83
2018-08-16 21:00:00,21,3,8,2018,0,0,6328.62
2018-08-16 22:00:00,22,3,8,2018,0,0,6088.6
2018-08-16 23:00:00,23,3,8,2018,0,0,5592.02
2018-08-17 00:00:00,0,4,8,2018,0,0,5141.59
2018-08-17 01:00:00,1,4,8,2018,0,0,4755.85
2018-08-17 02:00:00,2,4,8,2018,0,0,4492.6
2018-08-17 03:00:00,3,4,8,2018,0,0,4335.17
2018-08-17 04:00:00,4,4,8,2018,0,0,4264.64
2018-08-17 05:00:00,5,4,8,2018,0,0,4300.63
2018-08-17 06:00:00,6,4,8,2018,0,0,4509.38
2018-08-17 07:00:00,7,4,8,2018,0,0,4835.61
2018-08-17 08:00:00,8,4,8,2018,0,0,5038.73
2018-08-17 09:00:00,9,4,8,2018,0,0,5268.14
2018-08-17 10:00:00,10,4,8,2018,0,0,5530.32
2018-08-17 11:00:00,11,4,8,2018,0,0,5785.84
2018-08-17 12:00:00,12,4,8,2018,0,0,5960.41
2018-08-17 13:00:00,13,4,8,2018,0,0,6175.59
2018-08-17 14:00:00,14,4,8,2018,0,0,6352.83
2018-08-17 15:00:00,15,4,8,2018,0,0,6402.96
2018-08-17 16:00:00,16,4,8,2018,0,0,6435.89
2018-08-17 17:00:00,17,4,8,2018,0,0,6496.84
2018-08-17 18:00:00,18,4,8,2018,0,0,6532.57
2018-08-17 19:00:00,19,4,8,2018,0,0,6402.03
2018-08-17 20:00:00,20,4,8,2018,0,0,6225.3
2018-08-17 21:00:00,21,4,8,2018,0,0,6105.29
2018-08-17 22:00:00,22,4,8,2018,0,0,5881.85
2018-08-17 23:00:00,23,4,8,2018,0,0,5461.63
2018-08-18 00:00:00,0,5,8,2018,1,0,5001.1
2018-08-18 01:00:00,1,5,8,2018,1,0,4638.99
2018-08-18 02:00:00,2,5,8,2018,1,0,4381.07
2018-08-18 03:00:00,3,5,8,2018,1,0,4213.71
2018-08-18 04:00:00,4,5,8,2018,1,0,4120.11
2018-08-18 05:00:00,5,5,8,2018,1,0,4088.34
2018-08-18 06:00:00,6,5,8,2018,1,0,4136.47
2018-08-18 07:00:00,7,5,8,2018,1,0,4212.43
2018-08-18 08:00:00,8,5,8,2018,1,0,4399.09
2018-08-18 09:00:00,9,5,8,2018,1,0,4728.56
2018-08-18 10:00:00,10,5,8,2018,1,0,5066.21
2018-08-18 11:00:00,11,5,8,2018,1,0,5374.93
2018-08-18 12:00:00,12,5,8,2018,1,0,5647.6
2018-08-18 13:00:00,13,5,8,2018,1,0,5866.98
2018-08-18 14:00:00,14,5,8,2018,1,0,6031.64
2018-08-18 15:00:00,15,5,8,2018,1,0,6142.9
2018-08-18 16:00:00,16,5,8,2018,1,0,6278.32
2018-08-18 17:00:00,17,5,8,2018,1,0,6396.93
2018-08-18 18:00:00,18,5,8,2018,1,0,6401.2
2018-08-18 19:00:00,19,5,8,2018,1,0,6301.07
2018-08-18 20:00:00,20,5,8,2018,1,0,6126.52
2018-08-18 21:00:00,21,5,8,2018,1,0,5952.97
2018-08-18 22:00:00,22,5,8,2018,1,0,5780.04
2018-08-18 23:00:00,23,5,8,2018,1,0,5379.83
2018-08-19 00:00:00,0,6,8,2018,1,0,4944.23
2018-08-19 01:00:00,1,6,8,2018,1,0,4555.78
2018-08-19 02:00:00,2,6,8,2018,1,0,4306.07
2018-08-19 03:00:00,3,6,8,2018,1,0,4142.07
2018-08-19 04:00:00,4,6,8,2018,1,0,4060.64
2018-08-19 05:00:00,5,6,8,2018,1,0,4023.25
2018-08-19 06:00:00,6,6,8,2018,1,0,4037.29
2018-08-19 07:00:00,7,6,8,2018,1,0,4053.2
2018-08-19 08:00:00,8,6,8,2018,1,0,4212.74
2018-08-19 09:00:00,9,6,8,2018,1,0,4572.89
2018-08-19 10:00:00,10,6,8,2018,1,0,4907.51
2018-08-19 11:00:00,11,6,8,2018,1,0,5201.0
2018-08-19 12:00:00,12,6,8,2018,1,0,5420.93
2018-08-19 13:00:00,13,6,8,2018,1,0,5650.75
2018-08-19 14:00:00,14,6,8,2018,1,0,5827.25
2018-08-19 15:00:00,15,6,8,2018,1,0,5960.05
2018-08-19 16:00:00,16,6,8,2018,1,0,6071.74
2018-08-19 17:00:00,17,6,8,2018,1,0,6172.68
2018-08-19 18:00:00,18,6,8,2018,1,0,6270.16
2018-08-19 19:00:00,19,6,8,2018,1,0,6177.34
2018-08-19 20:00:00,20,6,8,2018,1,0,6024.45
2018-08-19 21:00:00,21,6,8,2018,1,0,5897.03
2018-08-19 22:00:00,22,6,8,2018,1,0,5715.18
2018-08-19 23:00:00,23,6,8,2018,1,0,5351.82
2018-08-20 00:00:00,0,0,8,2018,0,0,4917.19
2018-08-20 01:00:00,1,0,8,2018,0,0,4529.23
2018-08-20 02:00:00,2,0,8,2018,0,0,4353.32
2018-08-20 03:00:00,3,0,8,2018,0,0,4232.3
2018-08-20 04:00:00,4,0,8,2018,0,0,4178.2
2018-08-20 05:00:00,5,0,8,2018,0,0,4236.03
2018-08-20 06:00:00,6,0,8,2018,0,0,4444.47
2018-08-20 07:00:00,7,0,8,2018,0,0,4816.42
2018-08-20 08:00:00,8,0,8,2018,0,0,5087.24
2018-08-20 09:00:00,9,0,8,2018,0,0,5305.48
2018-08-20 10:00:00,10,0,8,2018,0,0,5570.39
2018-08-20 11:00:00,11,0,8,2018,0,0,5774.11
2018-08-20 12:00:00,12,0,8,2018,0,0,5987.52
2018-08-20 13:00:00,13,0,8,2018,0,0,6183.79
2018-08-20 14:00:00,14,0,8,2018,0,0,6380.33
2018-08-20 15:00:00,15,0,8,2018,0,0,6505.1
2018-08-20 16:00:00,16,0,8,2018,0,0,6634.6
2018-08-20 17:00:00,17,0,8,2018,0,0,6779.64
2018-08-20 18:00:00,18,0,8,2018,0,0,6795.85
2018-08-20 19:00:00,19,0,8,2018,0,0,6670.91
2018-08-20 20:00:00,20,0,8,2018,0,0,6479.15
2018-08-20 21:00:00,21,0,8,2018,0,0,6395.37
2018-08-20 22:00:00,22,0,8,2018,0,0,6149.25
2018-08-20 23:00:00,23,0,8,2018,0,0,5593.53
2018-08-21 00:00:00,0,1,8,2018,0,0,5144.15
2018-08-21 01:00:00,1,1,8,2018,0,0,4765.2
2018-08-21 02:00:00,2,1,8,2018,0,0,4524.66
2018-08-21 03:00:00,3,1,8,2018,0,0,4376.66
2018-08-21 04:00:00,4,1,8,2018,0,0,4287.42
2018-08-21 05:00:00,5,1,8,2018,0,0,4312.95
2018-08-21 06:00:00,6,1,8,2018,0,0,4509.21
2018-08-21 07:00:00,7,1,8,2018,0,0,4850.67
2018-08-21 08:00:00,8,1,8,2018,0,0,5074.57
2018-08-21 09:00:00,9,1,8,2018,0,0,5303.31
2018-08-21 10:00:00,10,1,8,2018,0,0,5546.02
2018-08-21 11:00:00,11,1,8,2018,0,0,5846.58
2018-08-21 12:00:00,12,1,8,2018,0,0,5990.61
2018-08-21 13:00:00,13,1,8,2018,0,0,6251.21
2018-08-21 14:00:00,14,1,8,2018,0,0,6488.08
2018-08-21 15:00:00,15,1,8,2018,0,0,6635.58
2018-08-21 16:00:00,16,1,8,2018,0,0,6779.89
2018-08-21 17:00:00,17,1,8,2018,0,0,6866.37
2018-08-21 18:00:00,18,1,8,2018,0,0,6883.43
2018-08-21 19:00:00,19,1,8,2018,0,0,6747.14
2018-08-21 20:00:00,20,1,8,2018,0,0,6543.2
2018-08-21 21:00:00,21,1,8,2018,0,0,6400.15
2018-08-21 22:00:00,22,1,8,2018,0,0,6152.3
2018-08-21 23:00:00,23,1,8,2018,0,0,5668.75
2018-08-22 00:00:00,0,2,8,2018,0,0,5214.48
2018-08-22 01:00:00,1,2,8,2018,0,0,4830.15
2018-08-22 02:00:00,2,2,8,2018,0,0,4580.47
2018-08-22 03:00:00,3,2,8,2018,0,0,4414.74
2018-08-22 04:00:00,4,2,8,2018,0,0,4325.07
2018-08-22 05:00:00,5,2,8,2018,0,0,4357.64
2018-08-22 06:00:00,6,2,8,2018,0,0,4573.3
2018-08-22 07:00:00,7,2,8,2018,0,0,4863.26
2018-08-22 08:00:00,8,2,8,2018,0,0,5087.37
2018-08-22 09:00:00,9,2,8,2018,0,0,5335.72
2018-08-22 10:00:00,10,2,8,2018,0,0,5626.44
2018-08-22 11:00:00,11,2,8,2018,0,0,5877.36
2018-08-22 12:00:00,12,2,8,2018,0,0,6063.63
2018-08-22 13:00:00,13,2,8,2018,0,0,6210.56
2018-08-22 14:00:00,14,2,8,2018,0,0,6419.61
2018-08-22 15:00:00,15,2,8,2018,0,0,6458.87
2018-08-22 16:00:00,16,2,8,2018,0,0,6451.9
2018-08-22 17:00:00,17,2,8,2018,0,0,6454.88
2018-08-22 18:00:00,18,2,8,2018,0,0,6422.42
2018-08-22 19:00:00,19,2,8,2018,0,0,6304.58
2018-08-22 20:00:00,20,2,8,2018,0,0,6190.45
2018-08-22 21:00:00,21,2,8,2018,0,0,6117.57
2018-08-22 22:00:00,22,2,8,2018,0,0,5909.06
2018-08-22 23:00:00,23,2,8,2018,0,0,5462.28
2018-08-23 00:00:00,0,3,8,2018,0,0,5001.96
2018-08-23 01:00:00,1,3,8,2018,0,0,4644.57
2018-08-23 02:00:00,2,3,8,2018,0,0,4411.8
2018-08-23 03:00:00,3,3,8,2018,0,0,4241.86
2018-08-23 04:00:00,4,3,8,2018,0,0,4169.84
2018-08-23 05:00:00,5,3,8,2018,0,0,4218.03
2018-08-23 06:00:00,6,3,8,2018,0,0,4452.07
2018-08-23 07:00:00,7,3,8,2018,0,0,4808.17
2018-08-23 08:00:00,8,3,8,2018,0,0,5027.53
2018-08-23 09:00:00,9,3,8,2018,0,0,5243.36
2018-08-23 10:00:00,10,3,8,2018,0,0,5488.72
2018-08-23 11:00:00,11,3,8,2018,0,0,5715.59
2018-08-23 12:00:00,12,3,8,2018,0,0,5971.53
2018-08-23 13:00:00,13,3,8,2018,0,0,6185.59
2018-08-23 14:00:00,14,3,8,2018,0,0,6415.48
2018-08-23 15:00:00,15,3,8,2018,0,0,6576.52
2018-08-23 16:00:00,16,3,8,2018,0,0,6710.39
2018-08-23 17:00:00,17,3,8,2018,0,0,6843.05
2018-08-23 18:00:00,18,3,8,2018,0,0,6893.52
2018-08-23 19:00:00,19,3,8,2018,0,0,6792.48
2018-08-23 20:00:00,20,3,8,2018,0,0,6579.66
2018-08-23 21:00:00,21,3,8,2018,0,0,6411.58
2018-08-23 22:00:00,22,3,8,2018,0,0,6175.97
2018-08-23 23:00:00,23,3,8,2018,0,0,5702.43
2018-08-24 00:00:00,0,4,8,2018,0,0,5192.83
2018-08-24 01:00:00,1,4,8,2018,0,0,4823.22
2018-08-24 02:00:00,2,4,8,2018,0,0,4564.95
2018-08-24 03:00:00,3,4,8,2018,0,0,4378.51
2018-08-24 04:00:00,4,4,8,2018,0,0,4270.38
2018-08-24 05:00:00,5,4,8,2018,0,0,4304.16
2018-08-24 06:00:00,6,4,8,2018,0,0,4512.34
2018-08-24 07:00:00,7,4,8,2018,0,0,4832.67
2018-08-24 08:00:00,8,4,8,2018,0,0,5040.04
2018-08-24 09:00:00,9,4,8,2018,0,0,5291.85
2018-08-24 10:00:00,10,4,8,2018,0,0,5555.19
2018-08-24 11:00:00,11,4,8,2018,0,0,5856.14
2018-08-24 12:00:00,12,4,8,2018,0,0,6003.42
2018-08-24 13:00:00,13,4,8,2018,0,0,6268.79
2018-08-24 14:00:00,14,4,8,2018,0,0,6459.31
2018-08-24 15:00:00,15,4,8,2018,0,0,6471.21
2018-08-24 16:00:00,16,4,8,2018,0,0,6504.31
2018-08-24 17:00:00,17,4,8,2018,0,0,6592.25
2018-08-24 18:00:00,18,4,8,2018,0,0,6567.68
2018-08-24 19:00:00,19,4,8,2018,0,0,6436.47
2018-08-24 20:00:00,20,4,8,2018,0,0,6232.75
2018-08-24 21:00:00,21,4,8,2018,0,0,6100.68
2018-08-24 22:00:00,22,4,8,2018,0,0,5889.91
2018-08-24 23:00:00,23,4,8,2018,0,0,5467.06
2018-08-25 00:00:00,0,5,8,2018,1,0,5001.72
2018-08-25 01:00:00,1,5,8,2018,1,0,4642.11
2018-08-25 02:00:00,2,5,8,2018,1,0,4381.51
2018-08-25 03:00:00,3,5,8,2018,1,0,4216.19
2018-08-25 04:00:00,4,5,8,2018,1,0,4120.27
2018-08-25 05:00:00,5,5,8,2018,1,0,4087.48
2018-08-25 06:00:00,6,5,8,2018,1,0,4133.59
2018-08-25 07:00:00,7,5,8,2018,1,0,4205.04
2018-08-25 08:00:00,8,5,8,2018,1,0,4371.82
2018-08-25 09:00:00,9,5,8,2018,1,0,4702.57
2018-08-25 10:00:00,10,5,8,2018,1,0,5062.47
2018-08-25 11:00:00,11,5,8,2018,1,0,5371.67
2018-08-25 12:00:00,12,5,8,2018,1,0,5635.71
2018-08-25 13:00:00,13,5,8,2018,1,0,5845.25
2018-08-25 14:00:00,14,5,8,2018,1,0,5975.64
2018-08-25 15:00:00,15,5,8,2018,1,0,6092.0
2018-08-25 16:00:00,16,5,8,2018,1,0,6198.15
2018-08-25 17:00:00,17,5,8,2018,1,0,6297.8
2018-08-25 18:00:00,18,5,8,2018,1,0,6311.86
2018-08-25 19:00:00,19,5,8,2018,1,0,6202.67
2018-08-25 20:00:00,20,5,8,2018,1,0,6030.64
2018-08-25 21:00:00,21,5,8,2018,1,0,5895.53
2018-08-25 22:00:00,22,5,8,2018,1,0,5713.67
2018-08-25 23:00:00,23,5,8,2018,1,0,5346.35
2018-08-26 00:00:00,0,6,8,2018,1,0,4919.57
2018-08-26 01:00:00,1,6,8,2018,1,0,4536.01
2018-08-26 02:00:00,2,6,8,2018,1,0,4284.49
2018-08-26 03:00:00,3,6,8,2018,1,0,4143.08
2018-08-26 04:00:00,4,6,8,2018,1,0,4065.29
2018-08-26 05:00:00,5,6,8,2018,1,0,4026.55
2018-08-26 06:00:00,6,6,8,2018,1,0,4040.13
2018-08-26 07:00:00,7,6,8,2018,1,0,4052.3
2018-08-26 08:00:00,8,6,8,2018,1,0,4212.84
2018-08-26 09:00:00,9,6,8,2018,1,0,4576.83
2018-08-26 10:00:00,10,6,8,2018,1,0,4909.24
2018-08-26 11:00:00,11,6,8,2018,1,0,5195.28
2018-08-26 12:00:00,12,6,8,2018,1,0,5419.84
2018-08-26 13:00:00,13,6,8,2018,1,0,5661.15
2018-08-26 14:00:00,14,6,8,2018,1,0,5842.61
2018-08-26 15:00:00,15,6,8,2018,1,0,5972.62
2018-08-26 16:00:00,16,6,8,2018,1,0,6100.14
2018-08-26 17:00:00,17,6,8,2018,1,0,6196.79
2018-08-26 18:00:00,18,6,8,2018,1,0,6282.02
2018-08-26 19:00:00,19,6,8,2018,1,0,6170.67
2018-08-26 20:00:00,20,6,8,2018,1,0,6038.81
2018-08-26 21:00:00,21,6,8,2018,1,0,5955.95
2018-08-26 22:00:00,22,6,8,2018,1,0,5742.29
2018-08-26 23:00:00,23,6,8,2018,1,0,5375.58
2018-08-27 00:00:00,0,0,8,2018,0,0,4928.99
2018-08-27 01:00:00,1,0,8,2018,0,0,4542.76
2018-08-27 02:00:00,2,0,8,2018,0,0,4350.42
2018-08-27 03:00:00,3,0,8,2018,0,0,4242.0
2018-08-27 04:00:00,4,0,8,2018,0,0,4191.74
2018-08-27 05:00:00,5,0,8,2018,0,0,4263.01
2018-08-27 06:00:00,6,0,8,2018,0,0,4520.49
2018-08-27 07:00:00,7,0,8,2018,0,0,4886.22
2018-08-27 08:00:00,8,0,8,2018,0,0,5128.81
2018-08-27 09:00:00,9,0,8,2018,0,0,5415.86
2018-08-27 10:00:00,10,0,8,2018,0,0,5729.7
2018-08-27 11:00:00,11,0,8,2018,0,0,5877.97
2018-08-27 12:00:00,12,0,8,2018,0,0,6113.69
2018-08-27 13:00:00,13,0,8,2018,0,0,6328.4
2018-08-27 14:00:00,14,0,8,2018,0,0,6578.99
2018-08-27 15:00:00,15,0,8,2018,0,0,6741.21
2018-08-27 16:00:00,16,0,8,2018,0,0,6863.98
2018-08-27 17:00:00,17,0,8,2018,0,0,6929.01
2018-08-27 18:00:00,18,0,8,2018,0,0,6942.56
2018-08-27 19:00:00,19,0,8,2018,0,0,6822.27
2018-08-27 20:00:00,20,0,8,2018,0,0,6695.08
2018-08-27 21:00:00,21,0,8,2018,0,0,6562.18
2018-08-27 22:00:00,22,0,8,2018,0,0,6179.18
2018-08-27 23:00:00,23,0,8,2018,0,0,5689.78
2018-08-28 00:00:00,0,1,8,2018,0,0,5216.98
2018-08-28 01:00:00,1,1,8,2018,0,0,4839.35
2018-08-28 02:00:00,2,1,8,2018,0,0,4585.03
2018-08-28 03:00:00,3,1,8,2018,0,0,4421.99
2018-08-28 04:00:00,4,1,8,2018,0,0,4331.31
2018-08-28 05:00:00,5,1,8,2018,0,0,4355.84
2018-08-28 06:00:00,6,1,8,2018,0,0,4554.49
2018-08-28 07:00:00,7,1,8,2018,0,0,4853.03
2018-08-28 08:00:00,8,1,8,2018,0,0,5080.29
2018-08-28 09:00:00,9,1,8,2018,0,0,5342.42
2018-08-28 10:00:00,10,1,8,2018,0,0,5616.53
2018-08-28 11:00:00,11,1,8,2018,0,0,5877.33
2018-08-28 12:00:00,12,1,8,2018,0,0,6069.35
2018-08-28 13:00:00,13,1,8,2018,0,0,6208.3
2018-08-28 14:00:00,14,1,8,2018,0,0,6395.75
2018-08-28 15:00:00,15,1,8,2018,0,0,6453.61
2018-08-28 16:00:00,16,1,8,2018,0,0,6449.46
2018-08-28 17:00:00,17,1,8,2018,0,0,6446.4
2018-08-28 18:00:00,18,1,8,2018,0,0,6420.42
2018-08-28 19:00:00,19,1,8,2018,0,0,6305.32
2018-08-28 20:00:00,20,1,8,2018,0,0,6190.38
2018-08-28 21:00:00,21,1,8,2018,0,0,6120.32
2018-08-28 22:00:00,22,1,8,2018,0,0,5915.96
2018-08-28 23:00:00,23,1,8,2018,0,0,5468.82
2018-08-29 00:00:00,0,2,8,2018,0,0,4997.47
2018-08-29 01:00:00,1,2,8,2018,0,0,4636.08
2018-08-29 02:00:00,2,2,8,2018,0,0,4407.78
2018-08-29 03:00:00,3,2,8,2018,0,0,4265.52
2018-08-29 04:00:00,4,2,8,2018,0,0,4197.05
2018-08-29 05:00:00,5,2,8,2018,0,0,4235.74
2018-08-29 06:00:00,6,2,8,2018,0,0,4464.38
2018-08-29 07:00:00,7,2,8,2018,0,0,4813.03
2018-08-29 08:00:00,8,2,8,2018,0,0,5031.39
2018-08-29 09:00:00,9,2,8,2018,0,0,5233.41
2018-08-29 10:00:00,10,2,8,2018,0,0,5494.87
2018-08-29 11:00:00,11,2,8,2018,0,0,5728.67
2018-08-29 12:00:00,12,2,8,2018,0,0,5951.96
2018-08-29 13:00:00,13,2,8,2018,0,0,6155.76
2018-08-29 14:00:00,14,2,8,2018,0,0,6347.08
2018-08-29 15:00:00,15,2,8,2018,0,0,6439.07
2018-08-29 16:00:00,16,2,8,2018,0,0,6544.83
2018-08-29 17:00:00,17,2,8,2018,0,0,6654.61
2018-08-29 18:00:00,18,2,8,2018,0,0,6661.5
2018-08-29 19:00:00,19,2,8,2018,0,0,6555.55
2018-08-29 20:00:00,20,2,8,2018,0,0,6364.11
2018-08-29 21:00:00,21,2,8,2018,0,0,6240.59
2018-08-29 22:00:00,22,2,8,2018,0,0,6001.84
2018-08-29 23:00:00,23,2,8,2018,0,0,5540.13
2018-08-30 00:00:00,0,3,8,2018,0,0,5055.4
2018-08-30 01:00:00,1,3,8,2018,0,0,4679.96
2018-08-30 02:00:00,2,3,8,2018,0,0,4410.08
2018-08-30 03:00:00,3,3,8,2018,0,0,4241.04
2018-08-30 04:00:00,4,3,8,2018,0,0,4168.36
2018-08-30 05:00:00,5,3,8,2018,0,0,4199.42
2018-08-30 06:00:00,6,3,8,2018,0,0,4361.4
2018-08-30 07:00:00,7,3,8,2018,0,0,4675.46
2018-08-30 08:00:00,8,3,8,2018,0,0,4924.51
2018-08-30 09:00:00,9,3,8,2018,0,0,5173.23
2018-08-30 10:00:00,10,3,8,2018,0,0,5423.56
2018-08-30 11:00:00,11,3,8,2018,0,0,5681.9
2018-08-30 12:00:00,12,3,8,2018,0,0,5860.13
2018-08-30 13:00:00,13,3,8,2018,0,0,6014.74
2018-08-30 14:00:00,14,3,8,2018,0,0,6171.61
2018-08-30 15:00:00,15,3,8,2018,0,0,6328.55
2018-08-30 16:00:00,16,3,8,2018,0,0,6409.38
2018-08-30 17:00:00,17,3,8,2018,0,0,6520.57
2018-08-30 18:00:00,18,3,8,2018,0,0,6557.7
2018-08-30 19:00:00,19,3,8,2018,0,0,6446.78
2018-08-30 20:00:00,20,3,8,2018,0,0,6281.74
2018-08-30 21:00:00,21,3,8,2018,0,0,6112.16
2018-08-30 22:00:00,22,3,8,2018,0,0,5889.07
2018-08-30 23:00:00,23,3,8,2018,0,0,5463.5
2018-08-31 00:00:00,0,4,8,2018,0,0,4999.83
2018-08-31 01:00:00,1,4,8,2018,0,0,4619.33
2018-08-31 02:00:00,2,4,8,2018,0,0,4343.35
2018-08-31 03:00:00,3,4,8,2018,0,0,4205.78
2018-08-31 04:00:00,4,4,8,2018,0,0,4144.5
2018-08-31 05:00:00,5,4,8,2018,0,0,4182.61
2018-08-31 06:00:00,6,4,8,2018,0,0,4341.55
2018-08-31 07:00:00,7,4,8,2018,0,0,4689.98
2018-08-31 08:00:00,8,4,8,2018,0,0,4948.3
2018-08-31 09:00:00,9,4,8,2018,0,0,5167.04
2018-08-31 10:00:00,10,4,8,2018,0,0,5415.03
2018-08-31 11:00:00,11,4,8,2018,0,0,5675.66
2018-08-31 12:00:00,12,4,8,2018,0,0,5827.42
2018-08-31 13:00:00,13,4,8,2018,0,0,5972.06
2018-08-31 14:00:00,14,4,8,2018,0,0,6121.04
2018-08-31 15:00:00,15,4,8,2018,0,0,6193.26
2018-08-31 16:00:00,16,4,8,2018,0,0,6313.05
2018-08-31 17:00:00,17,4,8,2018,0,0,6423.95
2018-08-31 18:00:00,18,4,8,2018,0,0,6453.36
2018-08-31 19:00:00,19,4,8,2018,0,0,6324.33
2018-08-31 20:00:00,20,4,8,2018,0,0,6150.04
2018-08-31 21:00:00,21,4,8,2018,0,0,5964.17
2018-08-31 22:00:00,22,4,8,2018,0,0,5767.57
2018-08-31 23:00:00,23,4,8,2018,0,0,5382.27
2018-09-01 00:00:00,0,5,9,2018,1,0,4959.09
2018-09-01 01:00:00,1,5,9,2018,1,0,4594.18
2018-09-01 02:00:00,2,5,9,2018,1,0,4326.53
2018-09-01 03:00:00,3,5,9,2018,1,0,4172.89
2018-09-01 04:00:00,4,5,9,2018,1,0,4070.36
2018-09-01 05:00:00,5,5,9,2018,1,0,4025.49
2018-09-01 06:00:00,6,5,9,2018,1,0,4092.05
2018-09-01 07:00:00,7,5,9,2018,1,0,4161.75
2018-09-01 08:00:00,8,5,9,2018,1,0,4305.82
2018-09-01 09:00:00,9,5,9,2018,1,0,4635.81
2018-09-01 10:00:00,10,5,9,2018,1,0,4907.5
2018-09-01 11:00:00,11,5,9,2018,1,0,5177.85
2018-09-01 12:00:00,12,5,9,2018,1,0,5341.88
2018-09-01 13:00:00,13,5,9,2018,1,0,5439.4
2018-09-01 14:00:00,14,5,9,2018,1,0,5606.28
2018-09-01 15:00:00,15,5,9,2018,1,0,5671.85
2018-09-01 16:00:00,16,5,9,2018,1,0,5758.87
2018-09-01 17:00:00,17,5,9,2018,1,0,5821.4
2018-09-01 18:00:00,18,5,9,2018,1,0,5901.18
2018-09-01 19:00:00,19,5,9,2018,1,0,5835.72
2018-09-01 20:00:00,20,5,9,2018,1,0,5805.23
2018-09-01 21:00:00,21,5,9,2018,1,0,5752.65
2018-09-01 22:00:00,22,5,9,2018,1,0,5528.8
2018-09-01 23:00:00,23,5,9,2018,1,0,5173.55
2018-09-02 00:00:00,0,6,9,2018,1,0,4758.72
